Workbook

Sheet groupe
A1: ETU003240

Sheet liste des taches
A1: Ligne | B1: Catégorie | C1: Module | D1: Page | E1: Description tâche | F1: Type | G1: Estimation | H1: Temps passé | I1: Reste à faire | J1: Avancement
A2: 1 | B2: Backoffice | C2: Gestion Login | D2: Index | E2: Création html | F2: Affichage | G2: 30 | H2: =detail_avancement!B2 -> 20 | I2: =G2-H2 -> 10 | J2: =(H2/(H2+I2)) -> 0.66666667
A3: 2 | B3: Backoffice | C3: Gestion Login | D3: Index | E3: Design css | F3: Metier | G3: 20 | H3: =detail_avancement!B3 -> 0 | I3: =G3-H3 -> 20 | J3: =(H3/(H3+I3)) -> 0
A4: 3 | B4: Backoffice | C4: Gestion Login | D4: Index | E4: checkLogin | F4: Integration | G4: 30 | H4: =detail_avancement!B4 -> 10 | I4: =G4-H4 -> 20 | J4: =(H4/(H4+I4)) -> 0.33333333
A5: 4 | B5: Backoffice | C5: Gestion Categorie | D5: Categorie | E5: table login | F5: Affichage | G5: 10 | H5: =detail_avancement!B5 -> 0 | I5: =G5-H5 -> 10 | J5: =(H5/(H5+I5)) -> 0
A6: 5 | B6: Backoffice | C6: Gestion Categorie | D6: Categorie | E6: données test | F6: Metier | G6: 50 | H6: =detail_avancement!B6 -> 10 | I6: =G6-H6 -> 40 | J6: =(H6/(H6+I6)) -> 0.2
A7: 6 | B7: Backoffice | C7: Gestion Categorie | D7: Categorie | E7: Liste | F7: Integration | G7: 25 | H7: =detail_avancement!B7 -> 0 | I7: =G7-H7 -> 25 | J7: =(H7/(H7+I7)) -> 0
A8: 7 | B8: Backoffice | C8: Gestion Categorie | D8: Categorie-add | E8: Ajout | F8: Affichage | G8: 10 | H8: =detail_avancement!B8 -> 90 | I8: 0 | J8: =(H8/(H8+I8)) -> 1
A9: 8 | B9: Backoffice | C9: Gestion Categorie | D9: Categorie-add | E9: Ajout | F9: Metier | G9: 5 | H9: =detail_avancement!B9 -> 30 | I9: 0 | J9: =(H9/(H9+I9)) -> 1
A10: 9 | B10: Backoffice | C10: Gestion Categorie | D10: Categorie-add | E10: Ajout | F10: Base | G10: 5 | H10: =detail_avancement!B10 -> 0 | I10: =G10-H10 -> 5 | J10: =(H10/(H10+I10)) -> 0

Sheet Recap
B1: Data
A2: Qui | B2: SUM of Estimation | C2: SUM of Temps passé | D2: SUM of Reste à faire
A3: ETU00WWWW | B3: 35 | C3: 30 | D3: 30
A4: ETU00XXXX | B4: 50 | C4: 10 | D4: 40
A5: ETU00YYYY | B5: 40 | C5: 110 | D5: 10
A6: ETU00ZZZZ | B6: 60 | C6: 10 | D6: 50
A7: (empty)
A8: Total Result | B8: 185 | C8: 160 | D8: 130
A12: Avancement | B12: =avancement!D2 -> 0.55172414

Sheet avancement
A1: estimation total | B1: temps passé total | C1: reste à faire total | D1: avancement | E1: dépassement
A2: =SUM('liste des taches'!G:G) -> 185 | B2: =SUM('liste des taches'!H:H) -> 160 | C2: =SUM('liste des taches'!I:I) -> 130 | D2: =(B2/(B2+C2)) -> 0.55172414 | E2: =((B2+C2)-A2)/A2 -> 0.56756757
C3: =C2/60 -> 2.1666667 | D3: heure

Sheet detail_avancement
A1: Ligne | B1: Total | C1: 46048 | D1: 46049 | E1: 46050
A2: 1 | B2: =SUM(D2:P2) -> 20 | D2: 20
A3: 2 | B3: =SUM(D3:P3) -> 0
A4: 3 | B4: =SUM(D4:P4) -> 10 | C4: 20 | D4: 10
A5: 4 | B5: =SUM(D5:P5) -> 0
A6: 5 | B6: =SUM(D6:P6) -> 10 | D6: 10
A7: 6 | B7: =SUM(D7:P7) -> 0
A8: 7 | B8: =SUM(D8:P8) -> 90 | D8: 90
A9: 8 | B9: =SUM(D9:P9) -> 30 | D9: 30
A10: 9 | B10: =SUM(D10:P10) -> 0
